"Date","Price","Open","High","Low","Change %"
"12/31/2018","6.670","6.690","6.690","6.660","0.00%"
"12/28/2018","6.670","6.680","6.680","6.660","0.00%"
"12/27/2018","6.670","6.670","6.690","6.670","0.15%"
"12/26/2018","6.660","6.640","6.660","6.640","0.00%"
"12/24/2018","6.660","6.630","6.670","6.630","0.45%"
"12/21/2018","6.630","6.630","6.630","6.610","0.00%"
"12/20/2018","6.630","6.630","6.630","6.620","-0.30%"
"12/19/2018","6.650","6.690","6.690","6.650","-0.75%"
"12/18/2018","6.700","6.670","6.700","6.670","-0.15%"
"12/17/2018","6.710","6.670","6.710","6.670","0.45%"
"12/14/2018","6.680","6.690","6.720","6.680","-0.30%"
"12/13/2018","6.700","6.690","6.710","6.690","0.00%"
"12/12/2018","6.700","6.710","6.710","6.620","-0.15%"
"12/11/2018","6.710","6.710","6.750","6.680","0.00%"
"12/10/2018","6.710","6.710","6.720","6.700","0.30%"
"12/07/2018","6.690","6.730","6.750","6.690","-0.30%"
"12/06/2018","6.710","6.730","6.740","6.690","-0.15%"
"12/05/2018","6.720","6.740","6.740","6.700","-0.59%"
"12/04/2018","6.760","6.780","6.780","6.720","-0.15%"
"12/03/2018","6.770","6.750","6.770","6.740","0.30%"
"11/30/2018","6.750","6.800","6.800","6.730","-0.15%"
"11/29/2018","6.760","6.790","6.790","6.730","0.15%"
"11/28/2018","6.750","6.810","6.810","6.740","-0.30%"
"11/27/2018","6.770","6.800","6.800","6.770","-0.59%"
"11/26/2018","6.810","6.770","6.830","6.770","0.44%"
"11/22/2018","6.780","6.840","6.840","6.780","-0.73%"
"11/20/2018","6.830","6.900","6.900","6.820","-0.29%"
"11/19/2018","6.850","6.850","6.870","6.840","0.44%"
"11/16/2018","6.820","6.840","6.850","6.800","-0.29%"
"11/15/2018","6.840","6.880","6.910","6.840","-1.01%"
"11/14/2018","6.910","6.890","6.920","6.880","-0.29%"
"11/13/2018","6.930","6.920","6.930","6.890","0.14%"
"11/12/2018","6.920","6.940","6.940","6.900","-0.43%"
"11/09/2018","6.950","6.950","6.950","6.920","0.14%"
"11/06/2018","6.940","6.920","6.940","6.900","0.29%"
"11/05/2018","6.920","6.920","6.940","6.900","-0.57%"
"11/02/2018","6.960","6.930","6.960","6.910","0.43%"
"11/01/2018","6.930","6.950","6.960","6.930","-0.29%"
"10/31/2018","6.950","6.960","6.980","6.940","-0.14%"
"10/30/2018","6.960","6.950","6.960","6.940","0.14%"
"10/29/2018","6.950","7.010","7.010","6.930","0.00%"
"10/26/2018","6.950","6.950","6.960","6.930","-0.14%"
"10/25/2018","6.960","7.000","7.000","6.940","0.14%"
"10/24/2018","6.950","6.950","6.950","6.950","-0.14%"
"10/23/2018","6.960","6.950","7.000","6.950","0.14%"
"10/22/2018","6.950","6.900","6.950","6.900","0.00%"
"10/19/2018","6.950","6.950","6.960","6.950","0.43%"
"10/17/2018","6.920","6.930","6.930","6.900","-0.14%"
"10/16/2018","6.930","6.900","6.950","6.880","0.29%"
"10/15/2018","6.910","6.890","6.930","6.870","0.29%"
"10/12/2018","6.890","6.930","6.930","6.870","-0.72%"
"10/11/2018","6.940","6.930","6.950","6.900","0.29%"
"10/10/2018","6.920","6.880","6.940","6.870","0.73%"
"10/09/2018","6.870","6.880","6.950","6.870","-0.58%"
"10/08/2018","6.910","6.850","6.940","6.850","-0.29%"
"10/05/2018","6.930","7.130","7.130","6.930","-2.67%"
"10/04/2018","7.120","7.120","7.170","7.110","1.42%"
"10/03/2018","7.020","7.030","7.050","7.000","-0.14%"
"10/01/2018","7.030","7.020","7.030","6.960","0.86%"
"09/28/2018","6.970","7.070","7.070","6.970","-1.41%"
"09/27/2018","7.070","7.170","7.170","7.070","-1.39%"
"09/26/2018","7.170","7.160","7.170","7.120","0.28%"
"09/25/2018","7.150","7.110","7.150","7.100","0.56%"
"09/24/2018","7.110","7.090","7.120","7.070","0.14%"
"09/21/2018","7.100","7.090","7.100","7.080","0.42%"
"09/19/2018","7.070","7.070","7.080","7.040","0.00%"
"09/18/2018","7.070","7.070","7.070","7.010","0.28%"
"09/17/2018","7.050","7.030","7.080","7.000","-0.28%"
"09/14/2018","7.070","7.000","7.080","7.000","1.00%"
"09/12/2018","7.000","6.950","7.000","6.900","1.45%"
"09/11/2018","6.900","6.870","6.900","6.860","0.29%"
"09/10/2018","6.880","6.830","6.880","6.830","0.44%"
"09/07/2018","6.850","6.840","6.860","6.820","0.74%"
"09/06/2018","6.800","6.830","6.850","6.800","-0.15%"
"09/05/2018","6.810","6.810","6.850","6.780","0.15%"
"09/04/2018","6.800","6.830","6.830","6.790","-0.15%"
"09/03/2018","6.810","6.810","6.820","6.790","0.00%"
"08/31/2018","6.810","6.820","6.820","6.800","-0.29%"
"08/30/2018","6.830","6.870","6.870","6.810","0.00%"
"08/29/2018","6.830","6.800","6.830","6.800","0.44%"
"08/28/2018","6.800","6.830","6.850","6.790","-0.29%"
"08/27/2018","6.820","6.820","6.820","6.800","0.00%"
"08/24/2018","6.820","6.820","6.830","6.800","-0.29%"
"08/23/2018","6.840","6.820","6.850","6.810","0.44%"
"08/21/2018","6.810","6.810","6.820","6.780","-0.15%"
"08/20/2018","6.820","6.820","6.850","6.810","0.29%"
"08/16/2018","6.800","6.820","6.840","6.800","0.74%"
"08/14/2018","6.750","6.730","6.750","6.670","0.60%"
"08/13/2018","6.710","6.700","6.730","6.680","0.15%"
"08/10/2018","6.700","6.770","6.770","6.650","0.00%"
"08/09/2018","6.700","6.710","6.710","6.680","-0.74%"
"08/08/2018","6.750","6.800","6.810","6.750","-0.44%"
"08/07/2018","6.780","6.780","6.800","6.770","0.00%"
"08/06/2018","6.780","6.780","6.800","6.760","0.15%"
"08/03/2018","6.770","6.790","6.830","6.770","-0.29%"
"08/02/2018","6.790","6.730","6.790","6.730","1.19%"
"08/01/2018","6.710","6.700","6.750","6.700","0.00%"
"07/31/2018","6.710","6.710","6.730","6.700","0.00%"
"07/30/2018","6.710","6.710","6.730","6.700","-0.15%"
"07/27/2018","6.720","6.720","6.730","6.700","-0.15%"
"07/26/2018","6.730","6.770","6.770","6.710","1.20%"
"07/25/2018","6.650","6.650","6.650","6.630","0.00%"
"07/24/2018","6.650","6.630","6.650","6.600","0.45%"
"07/23/2018","6.620","6.600","6.620","6.570","0.30%"
"07/20/2018","6.600","6.580","6.600","6.570","0.61%"
"07/19/2018","6.560","6.580","6.580","6.560","0.15%"
"07/18/2018","6.550","6.550","6.570","6.530","0.00%"
"07/17/2018","6.550","6.530","6.550","6.530","0.00%"
"07/16/2018","6.550","6.540","6.550","6.500","0.15%"
"07/13/2018","6.540","6.510","6.600","6.510","-0.15%"
"07/12/2018","6.550","6.530","6.550","6.520","0.61%"
"07/11/2018","6.510","6.480","6.510","6.470","0.46%"
"07/10/2018","6.480","6.450","6.480","6.440","0.62%"
"07/09/2018","6.440","6.440","6.450","6.430","-0.16%"
"07/06/2018","6.450","6.480","6.480","6.450","-0.77%"
"07/05/2018","6.500","6.450","6.500","6.450","1.72%"
"07/04/2018","6.390","6.440","6.520","6.330","-0.78%"
"07/03/2018","6.440","6.470","6.470","6.430","0.31%"
"07/02/2018","6.420","6.520","6.520","6.420","-1.08%"
"06/29/2018","6.490","6.470","6.520","6.440","0.31%"
"06/28/2018","6.470","6.540","6.560","6.470","-0.46%"
"06/27/2018","6.500","6.460","6.500","6.460","0.62%"
"06/26/2018","6.460","6.460","6.460","6.440","0.00%"
"06/25/2018","6.460","6.460","6.470","6.440","0.00%"
"06/22/2018","6.460","6.420","6.460","6.420","0.62%"
"06/21/2018","6.420","6.500","6.500","6.410","-0.77%"
"06/20/2018","6.470","6.500","6.500","6.470","0.00%"
"06/19/2018","6.470","6.530","6.530","6.470","-0.46%"
"06/18/2018","6.500","6.520","6.540","6.480","-0.31%"
"06/15/2018","6.520","6.520","6.530","6.500","0.00%"
"06/14/2018","6.520","6.540","6.550","6.520","0.00%"
"06/13/2018","6.520","6.550","6.570","6.500","-0.46%"
"06/12/2018","6.550","6.590","6.590","6.540","-0.30%"
"06/11/2018","6.570","6.520","6.580","6.520","1.08%"
"06/08/2018","6.500","6.530","6.550","6.500","0.00%"
"06/07/2018","6.500","6.590","6.590","6.500","-0.15%"
"06/06/2018","6.510","6.550","6.550","6.490","0.31%"
"06/05/2018","6.490","6.500","6.520","6.480","-0.15%"
"06/04/2018","6.500","6.450","6.500","6.420","0.78%"
"06/01/2018","6.450","6.400","6.450","6.400","0.47%"
"05/31/2018","6.420","6.410","6.430","6.400","0.47%"
"05/30/2018","6.390","6.390","6.400","6.360","0.31%"
"05/29/2018","6.370","6.320","6.370","6.320","0.16%"
"05/28/2018","6.360","6.400","6.400","6.360","-0.47%"
"05/25/2018","6.390","6.380","6.400","6.380","0.31%"
"05/24/2018","6.370","6.390","6.400","6.350","0.79%"
"05/23/2018","6.320","6.320","6.350","6.300","0.00%"
"05/22/2018","6.320","6.330","6.350","6.300","-0.32%"
"05/21/2018","6.340","6.330","6.340","6.320","-0.94%"
"05/20/2018","6.400","6.400","6.400","6.400","0.00%"
"05/18/2018","6.400","6.370","6.400","6.320","0.95%"
"05/17/2018","6.340","6.360","6.360","6.320","0.32%"
"05/16/2018","6.320","6.300","6.320","6.280","0.48%"
"05/15/2018","6.290","6.280","6.300","6.270","-0.47%"
"05/14/2018","6.320","6.270","6.320","6.260","0.96%"
"05/11/2018","6.260","6.280","6.280","6.250","-0.16%"
"05/10/2018","6.270","6.290","6.300","6.250","0.48%"
"05/09/2018","6.240","6.250","6.280","6.240","-0.16%"
"05/08/2018","6.250","6.250","6.250","6.230","0.00%"
"05/07/2018","6.250","6.250","6.250","6.240","0.00%"
"05/05/2018","6.250","6.250","6.250","6.250","0.00%"
"05/04/2018","6.250","6.250","6.250","6.230","0.00%"
"05/03/2018","6.250","6.240","6.290","6.230","0.64%"
"05/02/2018","6.210","6.220","6.250","6.210","0.16%"
"04/27/2018","6.200","6.220","6.220","6.200","-0.32%"
"04/26/2018","6.220","6.200","6.230","6.200","0.97%"
"04/25/2018","6.160","6.190","6.190","6.130","-0.16%"
"04/24/2018","6.170","6.140","6.170","6.140","0.49%"
"04/23/2018","6.140","6.150","6.200","6.140","-0.16%"
"04/20/2018","6.150","6.150","6.150","6.120","0.49%"
"04/19/2018","6.120","6.110","6.120","6.110","0.82%"
"04/18/2018","6.070","6.110","6.110","6.060","0.17%"
"04/17/2018","6.060","6.140","6.140","6.060","-0.16%"
"04/16/2018","6.070","6.070","6.100","6.070","-0.16%"
"04/14/2018","6.080","6.080","6.080","6.080","0.00%"
"04/13/2018","6.080","6.080","6.080","6.060","0.00%"
"04/12/2018","6.080","6.080","6.080","6.050","0.83%"
"04/11/2018","6.030","6.100","6.100","6.000","-0.82%"
"04/10/2018","6.080","6.080","6.100","6.080","0.00%"
"04/09/2018","6.080","6.100","6.100","6.070","-0.33%"
"04/07/2018","6.100","6.100","6.100","6.100","0.00%"
"04/06/2018","6.100","6.100","6.100","6.080","0.00%"
"04/05/2018","6.100","6.110","6.150","6.100","0.83%"
"04/04/2018","6.050","6.120","6.130","6.030","-1.14%"
"04/03/2018","6.120","6.110","6.150","6.110","0.00%"
"03/28/2018","6.120","6.130","6.130","6.120","-0.16%"
"03/27/2018","6.130","6.140","6.140","6.130","-0.49%"
"03/26/2018","6.160","6.160","6.160","6.160","0.16%"
"03/23/2018","6.150","6.150","6.150","6.150","0.16%"
"03/22/2018","6.140","6.160","6.160","6.140","-0.16%"
"03/21/2018","6.150","6.190","6.190","6.150","0.33%"
"03/20/2018","6.130","6.120","6.130","6.120","-0.81%"
"03/19/2018","6.180","6.160","6.180","6.160","-0.16%"
"03/16/2018","6.190","6.160","6.190","6.160","0.32%"
"03/15/2018","6.170","6.200","6.200","6.170","-1.28%"
"03/14/2018","6.250","6.240","6.250","6.240","0.64%"
"03/13/2018","6.210","6.260","6.260","6.210","-0.32%"
"03/12/2018","6.230","6.280","6.280","6.230","-0.32%"
"03/10/2018","6.250","6.250","6.250","6.250","0.00%"
"03/09/2018","6.250","6.230","6.250","6.230","0.00%"
"03/08/2018","6.250","6.270","6.270","6.250","-0.64%"
"03/07/2018","6.290","6.290","6.290","6.290","-0.16%"
"03/06/2018","6.300","6.300","6.300","6.300","0.16%"
"03/05/2018","6.290","6.340","6.340","6.290","-0.32%"
"03/01/2018","6.310","6.320","6.320","6.310","-0.16%"
"02/28/2018","6.320","6.290","6.320","6.290","0.32%"
"02/27/2018","6.300","6.290","6.300","6.290","0.48%"
"02/26/2018","6.270","6.320","6.320","6.270","-0.79%"
"02/24/2018","6.320","6.320","6.320","6.320","0.00%"
"02/23/2018","6.320","6.330","6.330","6.320","0.00%"
"02/22/2018","6.320","6.350","6.350","6.320","-0.63%"
"02/21/2018","6.360","6.350","6.360","6.350","0.47%"
"02/20/2018","6.330","6.330","6.330","6.330","-0.16%"
"02/18/2018","6.340","6.340","6.340","6.340","0.00%"
"02/16/2018","6.340","6.340","6.340","6.340","0.32%"
"02/15/2018","6.320","6.330","6.330","6.320","-0.94%"
"02/14/2018","6.380","6.370","6.380","6.370","0.16%"
"02/12/2018","6.370","6.370","6.370","6.370","-0.31%"
"02/09/2018","6.390","6.380","6.390","6.380","0.16%"
"02/08/2018","6.380","6.390","6.390","6.380","-0.62%"
"02/07/2018","6.420","6.410","6.420","6.410","0.00%"
"02/06/2018","6.420","6.410","6.420","6.410","0.16%"
"02/05/2018","6.410","6.400","6.410","6.400","-0.16%"
"02/02/2018","6.420","6.430","6.430","6.420","0.16%"
"02/01/2018","6.410","6.420","6.420","6.410","-0.16%"
"01/31/2018","6.420","6.420","6.420","6.420","0.16%"
"01/30/2018","6.410","6.420","6.420","6.410","0.00%"
"01/29/2018","6.410","6.410","6.410","6.410","0.00%"
"01/25/2018","6.410","6.400","6.410","6.400","0.47%"
"01/24/2018","6.380","6.400","6.400","6.380","0.00%"
"01/23/2018","6.380","6.390","6.390","6.380","0.31%"
"01/22/2018","6.360","6.390","6.390","6.360","-0.31%"
"01/19/2018","6.380","6.360","6.380","6.360","0.31%"
"01/18/2018","6.360","6.360","6.360","6.360","0.00%"
"01/17/2018","6.360","6.330","6.360","6.330","0.63%"
"01/16/2018","6.320","6.320","6.320","6.320","-0.32%"
"01/15/2018","6.340","6.330","6.340","6.330","0.32%"
"01/12/2018","6.320","6.310","6.320","6.310","0.00%"
"01/11/2018","6.320","6.330","6.330","6.320","0.16%"
"01/10/2018","6.310","6.290","6.310","6.290","0.48%"
"01/09/2018","6.280","6.270","6.280","6.270","-0.16%"
"01/08/2018","6.290","6.290","6.290","6.290","-0.16%"
"01/05/2018","6.300","6.320","6.320","6.300","-0.16%"
"01/04/2018","6.310","6.290","6.310","6.290","0.64%"
"01/03/2018","6.270","6.190","6.270","6.190","1.95%"
"01/02/2018","6.150","6.170","6.170","6.150","0.33%"
"01/01/2018","6.130","6.150","6.150","6.130","-1.45%"
"12/29/2017","6.220","6.190","6.220","6.190","1.14%"
"12/28/2017","6.150","6.180","6.180","6.150","-1.28%"
"12/27/2017","6.230","6.200","6.230","6.200","-0.16%"
"12/26/2017","6.240","6.230","6.240","6.230","0.65%"
"12/22/2017","6.200","6.200","6.200","6.200","-0.16%"
"12/21/2017","6.210","6.200","6.210","6.200","0.00%"
"12/20/2017","6.210","6.200","6.210","6.200","-0.64%"
"12/19/2017","6.250","6.190","6.250","6.190","0.97%"
"12/18/2017","6.190","6.170","6.190","6.170","0.49%"
"12/16/2017","6.160","6.160","6.160","6.160","0.00%"
"12/15/2017","6.160","6.150","6.160","6.150","0.16%"
"12/14/2017","6.150","6.140","6.150","6.140","0.00%"
"12/13/2017","6.150","6.140","6.150","6.140","0.16%"
"12/12/2017","6.140","6.150","6.150","6.140","0.00%"
"12/11/2017","6.140","6.130","6.140","6.130","0.49%"
"12/08/2017","6.110","6.140","6.140","6.110","0.16%"
"12/07/2017","6.100","6.120","6.120","6.100","-0.33%"
"12/06/2017","6.120","6.120","6.120","6.120","0.00%"
"12/05/2017","6.120","6.130","6.130","6.120","-0.16%"
"12/04/2017","6.130","6.130","6.130","6.130","0.00%"
"12/02/2017","6.130","6.130","6.130","6.130","0.00%"
"11/30/2017","6.130","6.130","6.130","6.130","0.00%"
"11/29/2017","6.130","6.120","6.130","6.120","0.16%"
"11/28/2017","6.120","6.120","6.120","6.120","-0.16%"
"11/27/2017","6.130","6.120","6.130","6.120","0.16%"
"11/24/2017","6.120","6.110","6.120","6.110","-0.16%"
"11/23/2017","6.130","6.120","6.130","6.120","0.33%"
"11/22/2017","6.110","6.110","6.110","6.110","0.16%"
"11/21/2017","6.100","6.110","6.110","6.100","-0.16%"
"11/20/2017","6.110","6.100","6.110","6.100","0.00%"
"11/17/2017","6.110","6.120","6.120","6.110","-0.33%"
"11/16/2017","6.130","6.130","6.130","6.130","0.33%"
"11/15/2017","6.110","6.110","6.110","6.110","0.00%"
"11/14/2017","6.110","6.120","6.120","6.110","0.16%"
"11/13/2017","6.100","6.110","6.110","6.100","0.00%"
"11/10/2017","6.100","6.110","6.110","6.100","0.16%"
"11/09/2017","6.090","6.110","6.110","6.090","-0.16%"
"11/08/2017","6.100","6.100","6.100","6.100","0.00%"
"11/07/2017","6.100","6.120","6.120","6.100","-0.33%"
"11/06/2017","6.120","6.120","6.120","6.120","0.33%"
"11/04/2017","6.100","6.100","6.100","6.100","0.00%"
"11/03/2017","6.100","6.100","6.100","6.100","0.00%"
"11/02/2017","6.100","6.110","6.110","6.100","-0.16%"
"11/01/2017","6.110","6.110","6.110","6.110","-0.16%"
"10/31/2017","6.120","6.110","6.120","6.110","0.16%"
"10/30/2017","6.110","6.100","6.110","6.100","0.16%"
"10/29/2017","6.100","6.100","6.100","6.100","0.00%"
"10/28/2017","6.100","6.100","6.100","6.100","0.00%"
"10/27/2017","6.100","6.100","6.100","6.100","0.00%"
"10/26/2017","6.100","6.110","6.110","6.100","0.00%"
"10/25/2017","6.100","6.110","6.110","6.100","0.00%"
"10/24/2017","6.100","6.100","6.100","6.100","0.16%"
"10/23/2017","6.090","6.110","6.110","6.090","-0.16%"
"10/22/2017","6.100","6.100","6.100","6.100","0.00%"
"10/21/2017","6.100","6.100","6.100","6.100","0.00%"
"10/18/2017","6.100","6.110","6.110","6.100","0.00%"
"10/17/2017","6.100","6.100","6.100","6.100","0.33%"
"10/16/2017","6.080","6.110","6.110","6.080","0.00%"
"10/13/2017","6.080","6.090","6.090","6.080","0.16%"
"10/12/2017","6.070","6.090","6.090","6.070","0.00%"
"10/11/2017","6.070","6.070","6.070","6.070","0.17%"
"10/10/2017","6.060","6.090","6.090","6.060","-0.16%"
"10/09/2017","6.070","6.110","6.110","6.070","0.00%"
"10/06/2017","6.070","6.090","6.090","6.070","0.00%"
"10/05/2017","6.070","6.090","6.090","6.070","0.00%"
"10/04/2017","6.070","6.090","6.090","6.070","-0.16%"
"10/03/2017","6.080","6.130","6.130","6.080","0.00%"
"09/29/2017","6.080","6.090","6.090","6.080","0.00%"
"09/28/2017","6.080","6.090","6.090","6.080","-0.16%"
"09/27/2017","6.090","6.100","6.100","6.090","-0.16%"
"09/26/2017","6.100","6.130","6.130","6.100","-0.16%"
"09/25/2017","6.110","6.130","6.130","6.110","0.16%"
"09/22/2017","6.100","6.100","6.100","6.100","0.00%"
"09/21/2017","6.100","6.100","6.100","6.100","-0.16%"
"09/20/2017","6.110","6.100","6.110","6.100","0.33%"
"09/19/2017","6.090","6.090","6.090","6.090","0.00%"
"09/18/2017","6.090","6.110","6.110","6.090","0.00%"
"09/15/2017","6.090","6.110","6.110","6.090","0.16%"
"09/14/2017","6.080","6.100","6.100","6.080","0.00%"
"09/13/2017","6.080","6.080","6.080","6.080","0.00%"
"09/12/2017","6.080","6.080","6.080","6.080","0.00%"
"09/11/2017","6.080","6.090","6.090","6.080","-0.16%"
"09/08/2017","6.090","6.080","6.090","6.080","-0.16%"
"09/07/2017","6.100","6.100","6.100","6.100","0.16%"
"09/06/2017","6.090","6.090","6.090","6.090","0.16%"
"09/05/2017","6.080","6.090","6.090","6.080","-0.16%"
"09/04/2017","6.090","6.100","6.100","6.090","-0.33%"
"09/01/2017","6.110","6.090","6.110","6.090","0.49%"
"08/31/2017","6.080","6.090","6.090","6.080","-0.49%"
"08/30/2017","6.110","6.140","6.140","6.110","-0.16%"
"08/29/2017","6.120","6.110","6.120","6.110","-0.33%"
"08/28/2017","6.140","6.120","6.140","6.120","0.00%"
"08/24/2017","6.140","6.140","6.140","6.140","0.16%"
"08/23/2017","6.130","6.150","6.150","6.130","-0.33%"
"08/22/2017","6.150","6.140","6.150","6.140","0.33%"
"08/21/2017","6.130","6.120","6.130","6.120","0.16%"
"08/18/2017","6.120","6.120","6.120","6.120","-0.16%"
"08/16/2017","6.130","6.130","6.130","6.130","0.16%"
"08/14/2017","6.120","6.130","6.130","6.120","0.00%"
"08/12/2017","6.120","6.120","6.120","6.120","0.00%"
"08/11/2017","6.120","6.130","6.130","6.120","0.00%"
"08/10/2017","6.120","6.140","6.140","6.120","0.00%"
"08/09/2017","6.120","6.120","6.120","6.120","-0.33%"
"08/08/2017","6.140","6.140","6.140","6.140","0.00%"
"08/07/2017","6.140","6.120","6.140","6.120","0.66%"
"08/06/2017","6.100","6.100","6.100","6.100","0.00%"
"08/04/2017","6.100","6.100","6.100","6.100","-0.33%"
"08/03/2017","6.120","6.110","6.120","6.110","-0.33%"
"08/02/2017","6.140","6.100","6.140","6.100","0.33%"
"08/01/2017","6.120","6.140","6.140","6.120","-0.33%"
"07/31/2017","6.140","6.150","6.150","6.140","0.16%"
"07/28/2017","6.130","6.140","6.140","6.130","-0.16%"
"07/27/2017","6.140","6.150","6.150","6.140","0.82%"
"07/26/2017","6.090","6.080","6.090","6.080","-0.16%"
"07/25/2017","6.100","6.110","6.110","6.100","0.33%"
"07/24/2017","6.080","6.100","6.100","6.080","0.00%"
"07/21/2017","6.080","6.090","6.090","6.080","-0.33%"
"07/20/2017","6.100","6.120","6.120","6.100","-0.97%"
"07/19/2017","6.160","6.150","6.160","6.150","0.00%"
"07/18/2017","6.160","6.200","6.200","6.160","-0.65%"
"07/17/2017","6.200","6.210","6.210","6.200","0.32%"
"07/16/2017","6.180","6.180","6.180","6.180","0.00%"
"07/14/2017","6.180","6.200","6.200","6.180","-0.16%"
"07/13/2017","6.190","6.200","6.200","6.190","-0.80%"
"07/12/2017","6.240","6.240","6.240","6.240","0.00%"
"07/11/2017","6.240","6.270","6.270","6.240","-0.32%"
"07/10/2017","6.260","6.270","6.270","6.260","-0.32%"
"07/08/2017","6.280","6.280","6.280","6.280","0.00%"
"07/07/2017","6.280","6.310","6.310","6.280","0.00%"
"07/06/2017","6.280","6.290","6.290","6.280","0.00%"
"07/05/2017","6.280","6.300","6.300","6.280","0.00%"
"07/04/2017","6.280","6.310","6.310","6.280","-0.32%"
"07/03/2017","6.300","6.310","6.310","6.300","0.00%"
"07/02/2017","6.300","6.300","6.300","6.300","0.00%"
"07/01/2017","6.300","6.300","6.300","6.300","0.00%"
"06/30/2017","6.300","6.320","6.320","6.300","0.00%"
"06/29/2017","6.300","6.300","6.300","6.300","0.00%"
"06/28/2017","6.300","6.260","6.300","6.260","0.64%"
"06/27/2017","6.260","6.290","6.290","6.260","0.00%"
"06/25/2017","6.260","6.260","6.260","6.260","0.00%"
"06/23/2017","6.260","6.270","6.270","6.260","0.32%"
"06/22/2017","6.240","6.270","6.270","6.240","-0.16%"
"06/21/2017","6.250","6.270","6.270","6.250","-0.16%"
"06/20/2017","6.260","6.280","6.280","6.260","0.16%"
"06/19/2017","6.250","6.260","6.260","6.250","-0.16%"
"06/16/2017","6.260","6.260","6.260","6.260","0.16%"
"06/15/2017","6.250","6.250","6.250","6.250","-0.79%"
"06/14/2017","6.300","6.270","6.300","6.270","0.32%"
"06/13/2017","6.280","6.280","6.280","6.280","-0.32%"
"06/12/2017","6.300","6.290","6.300","6.290","0.32%"
"06/09/2017","6.280","6.270","6.280","6.270","0.16%"
"06/08/2017","6.270","6.280","6.280","6.270","-0.32%"
"06/07/2017","6.290","6.300","6.300","6.290","-0.16%"
"06/06/2017","6.300","6.290","6.300","6.290","0.16%"
"06/05/2017","6.290","6.290","6.290","6.290","0.32%"
"06/02/2017","6.270","6.290","6.290","6.270","-0.16%"
"06/01/2017","6.280","6.290","6.290","6.280","0.00%"
"05/31/2017","6.280","6.290","6.290","6.280","-0.32%"
"05/30/2017","6.300","6.300","6.300","6.300","0.48%"
"05/29/2017","6.270","6.280","6.280","6.270","0.48%"
"05/26/2017","6.240","6.250","6.250","6.240","-0.16%"
"05/25/2017","6.250","6.270","6.270","6.250","-0.95%"
"05/24/2017","6.310","6.300","6.310","6.300","0.32%"
"05/23/2017","6.290","6.300","6.300","6.290","0.64%"
"05/22/2017","6.250","6.280","6.280","6.250","-0.79%"
"05/19/2017","6.300","6.300","6.300","6.300","0.32%"
"05/18/2017","6.280","6.310","6.310","6.280","-0.32%"
"05/17/2017","6.300","6.310","6.310","6.300","0.16%"
"05/16/2017","6.290","6.300","6.300","6.290","0.00%"
"05/15/2017","6.290","6.290","6.290","6.290","-0.16%"
"05/12/2017","6.300","6.310","6.310","6.300","0.16%"
"05/11/2017","6.290","6.290","6.290","6.290","0.48%"
"05/09/2017","6.260","6.270","6.270","6.260","0.16%"
"05/08/2017","6.250","6.230","6.250","6.230","-0.48%"
"05/07/2017","6.280","6.280","6.280","6.280","0.00%"
"05/05/2017","6.280","6.250","6.280","6.250","0.64%"
"05/04/2017","6.240","6.250","6.250","6.240","0.00%"
"05/03/2017","6.240","6.240","6.240","6.240","0.48%"
"05/02/2017","6.210","6.200","6.210","6.200","0.16%"
"04/28/2017","6.200","6.200","6.200","6.200","-0.48%"
"04/27/2017","6.230","6.190","6.230","6.190","0.81%"
"04/26/2017","6.180","6.140","6.180","6.140","1.31%"
"04/25/2017","6.100","6.110","6.110","6.100","-0.33%"
"04/24/2017","6.120","6.090","6.120","6.090","0.66%"
"04/22/2017","6.080","6.080","6.080","6.080","0.00%"
"04/21/2017","6.080","6.110","6.110","6.080","0.00%"
"04/20/2017","6.080","6.080","6.080","6.080","0.16%"
"04/19/2017","6.070","6.060","6.070","6.060","0.33%"
"04/18/2017","6.050","5.990","6.050","5.990","0.83%"
"04/17/2017","6.000","5.950","6.000","5.950","0.84%"
"04/13/2017","5.950","5.950","5.950","5.950","-0.34%"
"04/12/2017","5.970","5.870","5.970","5.870","0.34%"
"04/11/2017","5.950","5.780","5.950","5.780","-0.50%"
"04/10/2017","5.980","5.940","5.980","5.940","0.50%"
"04/07/2017","5.950","5.950","5.950","5.950","0.34%"
"04/06/2017","5.930","5.810","5.930","5.810","3.13%"
"04/05/2017","5.750","5.820","5.820","5.750","-0.86%"
"04/03/2017","5.800","5.800","5.800","5.800","0.00%"
"03/31/2017","5.800","5.850","5.850","5.800","1.05%"
"03/30/2017","5.740","5.760","5.760","5.740","-0.52%"
"03/29/2017","5.770","5.780","5.780","5.770","-1.54%"
"03/27/2017","5.860","5.850","5.860","5.850","0.00%"
"03/26/2017","5.860","5.860","5.860","5.860","0.00%"
"03/25/2017","5.860","5.860","5.860","5.860","0.00%"
"03/24/2017","5.860","5.860","5.860","5.860","0.00%"
"03/23/2017","5.860","5.850","5.860","5.850","0.51%"
"03/22/2017","5.830","5.810","5.830","5.810","-0.51%"
"03/21/2017","5.860","5.870","5.870","5.860","-0.51%"
"03/20/2017","5.890","5.950","5.950","5.890","-1.01%"
"03/18/2017","5.950","5.950","5.950","5.950","0.00%"
"03/17/2017","5.950","5.930","5.950","5.930","-0.17%"
"03/16/2017","5.960","5.940","5.960","5.940","0.68%"
"03/15/2017","5.920","5.940","5.940","5.920","0.00%"
"03/14/2017","5.920","5.940","5.940","5.920","-0.17%"
"03/10/2017","5.930","5.910","5.930","5.910","-0.17%"
"03/09/2017","5.940","5.940","5.940","5.940","0.00%"
"03/08/2017","5.940","5.970","5.970","5.940","-0.50%"
"03/07/2017","5.970","5.970","5.970","5.970","0.67%"
"03/06/2017","5.930","6.000","6.000","5.930","-1.17%"
"03/03/2017","6.000","6.010","6.010","6.000","-0.17%"
"03/02/2017","6.010","6.050","6.050","6.010","-0.66%"
"03/01/2017","6.050","6.140","6.140","6.050","-0.66%"
"02/28/2017","6.090","6.110","6.110","6.090","-0.65%"
"02/27/2017","6.130","6.140","6.140","6.130","0.00%"
"02/23/2017","6.130","6.130","6.130","6.130","-0.16%"
"02/22/2017","6.140","6.190","6.190","6.140","-0.97%"
"02/20/2017","6.200","6.200","6.200","6.200","0.16%"
"02/17/2017","6.190","6.200","6.200","6.190","0.16%"
"02/16/2017","6.180","6.200","6.200","6.180","-0.32%"
"02/15/2017","6.200","6.220","6.220","6.200","-0.48%"
"02/14/2017","6.230","6.230","6.230","6.230","-0.64%"
"02/13/2017","6.270","6.280","6.280","6.270","0.16%"
"02/10/2017","6.260","6.250","6.260","6.250","0.64%"
"02/09/2017","6.220","6.290","6.290","6.220","-0.16%"
"02/08/2017","6.230","6.100","6.230","6.100","1.47%"
"02/07/2017","6.140","6.140","6.140","6.140","0.00%"
"02/06/2017","6.140","6.130","6.140","6.130","-0.49%"
"02/03/2017","6.170","6.170","6.170","6.170","0.33%"
"02/02/2017","6.150","6.180","6.180","6.150","-0.49%"
"02/01/2017","6.180","6.240","6.240","6.180","-1.12%"
"01/31/2017","6.250","6.230","6.250","6.230","0.81%"
"01/30/2017","6.200","6.220","6.220","6.200","-0.48%"
"01/27/2017","6.230","6.230","6.230","6.230","0.16%"
"01/25/2017","6.220","6.230","6.230","6.220","-0.16%"
"01/24/2017","6.230","6.220","6.230","6.220","0.00%"
"01/23/2017","6.230","6.250","6.250","6.230","0.00%"
"01/20/2017","6.230","6.230","6.230","6.230","-0.32%"
"01/19/2017","6.250","6.250","6.250","6.250","0.00%"
"01/18/2017","6.250","6.270","6.270","6.250","0.00%"
"01/17/2017","6.250","6.240","6.250","6.240","0.16%"
"01/16/2017","6.240","6.250","6.250","6.240","-0.16%"
"01/13/2017","6.250","6.240","6.250","6.240","0.32%"
"01/12/2017","6.230","6.270","6.270","6.230","0.32%"
"01/11/2017","6.210","6.220","6.220","6.210","0.00%"
"01/10/2017","6.210","6.210","6.210","6.210","0.32%"
"01/09/2017","6.190","6.200","6.200","6.190","0.00%"
"01/07/2017","6.190","6.190","6.190","6.190","0.00%"
"01/06/2017","6.190","6.190","6.190","6.190","0.00%"
"01/05/2017","6.190","6.200","6.200","6.190","1.64%"
"01/04/2017","6.090","6.090","6.090","6.090","-0.16%"
"01/03/2017","6.100","6.130","6.130","6.100","0.00%"
"01/02/2017","6.100","6.160","6.160","6.100","-1.93%"
"12/30/2016","6.220","6.200","6.220","6.200","0.32%"
"12/29/2016","6.200","6.250","6.250","6.200","-0.64%"
"12/28/2016","6.240","6.240","6.240","6.240","0.16%"
"12/27/2016","6.230","6.230","6.230","6.230","-0.16%"
"12/26/2016","6.240","6.230","6.240","6.230","0.48%"
"12/24/2016","6.210","6.210","6.210","6.210","0.00%"
"12/23/2016","6.210","6.240","6.240","6.210","0.00%"
"12/22/2016","6.210","6.210","6.210","6.210","0.00%"
"12/21/2016","6.210","6.210","6.210","6.210","0.00%"
"12/20/2016","6.210","6.220","6.220","6.210","0.16%"
"12/19/2016","6.200","6.220","6.220","6.200","0.16%"
"12/16/2016","6.190","6.220","6.220","6.190","0.16%"
"12/15/2016","6.180","6.200","6.200","6.180","0.00%"
"12/14/2016","6.180","6.200","6.200","6.180","-0.32%"
"12/13/2016","6.200","6.250","6.250","6.200","-0.48%"
"12/09/2016","6.230","6.220","6.230","6.220","-0.32%"
"12/08/2016","6.250","6.230","6.250","6.230","1.63%"
"12/07/2016","6.150","5.970","6.150","5.970","3.02%"
"12/06/2016","5.970","5.970","5.970","5.970","1.02%"
"12/05/2016","5.910","5.990","5.990","5.910","-1.50%"
"12/02/2016","6.000","5.960","6.000","5.960","0.67%"
"12/01/2016","5.960","5.950","5.960","5.950","0.68%"
"11/30/2016","5.920","5.980","5.980","5.920","-1.00%"
"11/29/2016","5.980","5.920","5.980","5.920","0.34%"
"11/28/2016","5.960","6.010","6.010","5.960","3.65%"
"11/25/2016","5.750","5.810","5.810","5.750","0.52%"
"11/24/2016","5.720","5.790","5.790","5.720","-3.05%"
"11/23/2016","5.900","5.900","5.900","5.900","-0.67%"
"11/22/2016","5.940","5.950","5.950","5.940","-0.17%"
"11/21/2016","5.950","6.000","6.000","5.950","-0.50%"
"11/18/2016","5.980","5.950","5.980","5.950","0.50%"
"11/17/2016","5.950","5.940","5.950","5.940","0.00%"
"11/16/2016","5.950","5.950","5.950","5.950","-0.83%"
"11/15/2016","6.000","6.090","6.090","6.000","-4.15%"
"11/11/2016","6.260","6.290","6.290","6.260","-0.16%"
"11/10/2016","6.270","6.260","6.270","6.260","-1.10%"
"11/09/2016","6.340","6.330","6.340","6.330","-0.94%"
"11/08/2016","6.400","6.430","6.430","6.400","-0.31%"
"11/07/2016","6.420","6.420","6.420","6.420","-0.16%"
"11/05/2016","6.430","6.430","6.430","6.430","0.00%"
"11/04/2016","6.430","6.420","6.430","6.420","0.00%"
"11/03/2016","6.430","6.420","6.430","6.420","0.78%"
"11/02/2016","6.380","6.380","6.380","6.380","0.00%"
"11/01/2016","6.380","6.410","6.410","6.380","0.47%"
"10/28/2016","6.350","6.370","6.370","6.350","-0.63%"
"10/27/2016","6.390","6.390","6.390","6.390","-0.16%"
"10/26/2016","6.400","6.390","6.400","6.390","0.16%"
"10/25/2016","6.390","6.390","6.390","6.390","-0.16%"
"10/24/2016","6.400","6.380","6.400","6.380","0.16%"
"10/22/2016","6.390","6.390","6.390","6.390","0.00%"
"10/21/2016","6.390","6.390","6.390","6.390","0.00%"
"10/20/2016","6.390","6.390","6.390","6.390","-0.47%"
"10/19/2016","6.420","6.390","6.420","6.390","0.78%"
"10/18/2016","6.370","6.400","6.400","6.370","0.00%"
"10/17/2016","6.370","6.370","6.370","6.370","0.00%"
"10/15/2016","6.370","6.370","6.370","6.370","0.00%"
"10/14/2016","6.370","6.380","6.380","6.370","0.00%"
"10/13/2016","6.370","6.400","6.400","6.370","0.00%"
"10/10/2016","6.370","6.340","6.370","6.340","0.16%"
"10/07/2016","6.360","6.330","6.360","6.330","0.47%"
"10/06/2016","6.330","6.330","6.330","6.330","-0.31%"
"10/05/2016","6.350","6.310","6.350","6.310","0.16%"
"10/04/2016","6.340","6.370","6.370","6.340","-2.16%"
"10/03/2016","6.480","6.470","6.480","6.470","0.47%"
"09/30/2016","6.450","6.450","6.450","6.450","-0.77%"
"09/29/2016","6.500","6.520","6.520","6.500","-0.31%"
"09/28/2016","6.520","6.520","6.520","6.520","0.00%"
"09/27/2016","6.520","6.510","6.520","6.510","0.00%"
"09/26/2016","6.520","6.540","6.540","6.520","0.00%"
"09/25/2016","6.520","6.520","6.520","6.520","0.00%"
"09/24/2016","6.520","6.520","6.520","6.520","0.00%"
"09/23/2016","6.520","6.540","6.540","6.520","0.00%"
"09/22/2016","6.520","6.520","6.520","6.520","0.00%"
"09/21/2016","6.520","6.570","6.570","6.520","-0.15%"
"09/20/2016","6.530","6.540","6.540","6.530","0.15%"
"09/19/2016","6.520","6.540","6.540","6.520","0.15%"
"09/17/2016","6.510","6.510","6.510","6.510","0.00%"
"09/16/2016","6.510","6.510","6.510","6.510","0.15%"
"09/15/2016","6.500","6.520","6.520","6.500","-0.31%"
"09/14/2016","6.520","6.570","6.570","6.520","-0.31%"
"09/12/2016","6.540","6.540","6.540","6.540","0.00%"
"09/09/2016","6.540","6.560","6.560","6.540","-0.30%"
"09/08/2016","6.560","6.550","6.560","6.550","0.15%"
"09/07/2016","6.550","6.550","6.550","6.550","-0.15%"
"09/06/2016","6.560","6.580","6.580","6.560","0.00%"
"09/03/2016","6.560","6.560","6.560","6.560","0.00%"
"09/02/2016","6.560","6.540","6.560","6.540","0.00%"
"09/01/2016","6.560","6.560","6.560","6.560","0.00%"
"08/31/2016","6.560","6.550","6.560","6.550","0.31%"
"08/30/2016","6.540","6.550","6.550","6.540","-0.15%"
"08/29/2016","6.550","6.550","6.550","6.550","0.00%"
"08/26/2016","6.550","6.560","6.560","6.550","0.15%"
"08/25/2016","6.540","6.560","6.560","6.540","-0.15%"
"08/24/2016","6.550","6.560","6.560","6.550","-0.15%"
"08/23/2016","6.560","6.560","6.560","6.560","0.00%"
"08/22/2016","6.560","6.560","6.560","6.560","0.00%"
"08/20/2016","6.560","6.560","6.560","6.560","0.00%"
"08/19/2016","6.560","6.560","6.560","6.560","0.00%"
"08/18/2016","6.560","6.550","6.560","6.550","-0.30%"
"08/16/2016","6.580","6.580","6.580","6.580","0.30%"
"08/14/2016","6.560","6.560","6.560","6.560","0.00%"
"08/13/2016","6.560","6.560","6.560","6.560","0.00%"
"08/12/2016","6.560","6.580","6.580","6.560","-0.46%"
"08/11/2016","6.590","6.560","6.590","6.560","-0.15%"
"08/10/2016","6.600","6.540","6.600","6.540","0.61%"
"08/09/2016","6.560","6.540","6.560","6.540","0.15%"
"08/08/2016","6.550","6.530","6.550","6.530","0.15%"
"08/06/2016","6.540","6.540","6.540","6.540","0.00%"
"08/05/2016","6.540","6.560","6.560","6.540","-0.15%"
"08/04/2016","6.550","6.550","6.550","6.550","-0.30%"
"08/03/2016","6.570","6.560","6.570","6.560","0.31%"
"08/02/2016","6.550","6.560","6.560","6.550","-0.15%"
"08/01/2016","6.560","6.540","6.560","6.540","0.46%"
"07/29/2016","6.530","6.550","6.550","6.530","-0.46%"
"07/28/2016","6.560","6.580","6.580","6.560","-0.15%"
"07/27/2016","6.570","6.570","6.570","6.570","-0.30%"
"07/26/2016","6.590","6.570","6.590","6.570","0.30%"
"07/25/2016","6.570","6.560","6.570","6.560","0.31%"
"07/22/2016","6.550","6.550","6.550","6.550","-0.46%"
"07/21/2016","6.580","6.570","6.580","6.570","0.30%"
"07/20/2016","6.560","6.540","6.560","6.540","0.15%"
"07/19/2016","6.550","6.560","6.560","6.550","0.00%"
"07/18/2016","6.550","6.540","6.550","6.540","-0.15%"
"07/15/2016","6.560","6.530","6.560","6.530","0.15%"
"07/14/2016","6.550","6.550","6.550","6.550","-0.46%"
"07/13/2016","6.580","6.560","6.580","6.560","0.15%"
"07/12/2016","6.570","6.580","6.580","6.570","0.15%"
"07/11/2016","6.560","6.550","6.560","6.550","0.31%"
"07/09/2016","6.540","6.540","6.540","6.540","0.00%"
"07/08/2016","6.540","6.510","6.540","6.510","0.00%"
"07/07/2016","6.540","6.490","6.540","6.460","1.24%"
"07/05/2016","6.460","6.490","6.490","6.460","-0.62%"
"07/04/2016","6.500","6.530","6.530","6.500","-0.61%"
"07/01/2016","6.540","6.600","6.600","6.540","-0.76%"
"06/30/2016","6.590","6.650","6.650","6.590","-1.79%"
"06/29/2016","6.710","6.720","6.720","6.710","-0.15%"
"06/28/2016","6.720","6.730","6.730","6.720","-0.15%"
"06/27/2016","6.730","6.710","6.730","6.710","-0.30%"
"06/25/2016","6.750","6.750","6.750","6.750","0.00%"
"06/24/2016","6.750","6.750","6.750","6.750","0.00%"
"06/23/2016","6.750","6.730","6.750","6.730","0.15%"
"06/22/2016","6.740","6.820","6.820","6.740","-0.59%"
"06/21/2016","6.780","6.790","6.790","6.780","0.44%"
"06/20/2016","6.750","6.770","6.770","6.750","0.00%"
"06/17/2016","6.750","6.770","6.770","6.750","-0.59%"
"06/16/2016","6.790","6.780","6.790","6.780","0.15%"
"06/15/2016","6.780","6.790","6.790","6.780","0.59%"
"06/14/2016","6.740","6.770","6.770","6.740","-0.74%"
"06/13/2016","6.790","6.800","6.800","6.790","0.00%"
"06/11/2016","6.790","6.790","6.790","6.790","0.00%"
"06/10/2016","6.790","6.800","6.800","6.790","0.00%"
"06/09/2016","6.790","6.800","6.800","6.790","-0.15%"
"06/08/2016","6.800","6.810","6.810","6.800","-0.15%"
"06/07/2016","6.810","6.800","6.810","6.800","0.00%"
"06/06/2016","6.810","6.830","6.830","6.810","-0.15%"
"06/03/2016","6.820","6.840","6.840","6.820","-0.29%"
"06/02/2016","6.840","6.840","6.840","6.840","0.29%"
"06/01/2016","6.820","6.820","6.820","6.820","0.00%"
"05/31/2016","6.820","6.830","6.830","6.820","-0.29%"
"05/30/2016","6.840","6.840","6.840","6.840","0.00%"
"05/27/2016","6.840","6.840","6.840","6.840","0.15%"
"05/26/2016","6.830","6.840","6.840","6.830","0.00%"
"05/25/2016","6.830","6.840","6.840","6.830","-0.15%"
"05/24/2016","6.840","6.820","6.840","6.820","0.29%"
"05/23/2016","6.820","6.850","6.850","6.820","-0.29%"
"05/20/2016","6.840","6.840","6.840","6.840","0.15%"
"05/19/2016","6.830","6.830","6.830","6.830","-0.15%"
"05/18/2016","6.840","6.870","6.870","6.840","0.29%"
"05/17/2016","6.820","6.830","6.830","6.820","-0.44%"
"05/16/2016","6.850","6.850","6.850","6.850","0.29%"
"05/13/2016","6.830","6.840","6.840","6.830","0.15%"
"05/12/2016","6.820","6.810","6.820","6.810","-0.44%"
"05/11/2016","6.850","6.850","6.850","6.850","0.29%"
"05/10/2016","6.830","6.850","6.850","6.830","0.29%"
"05/09/2016","6.810","6.830","6.830","6.810","-0.15%"
"05/06/2016","6.820","6.830","6.830","6.820","-0.29%"
"05/05/2016","6.840","6.830","6.840","6.830","-0.15%"
"05/04/2016","6.850","6.850","6.850","6.850","0.44%"
"05/03/2016","6.820","6.810","6.820","6.810","0.29%"
"05/02/2016","6.800","6.790","6.800","6.790","-0.44%"
"04/29/2016","6.830","6.830","6.830","6.830","0.44%"
"04/28/2016","6.800","6.820","6.820","6.800","-0.29%"
"04/27/2016","6.820","6.790","6.820","6.790","0.15%"
"04/26/2016","6.810","6.810","6.810","6.810","0.44%"
"04/25/2016","6.780","6.840","6.840","6.780","-0.15%"
"04/22/2016","6.790","6.800","6.800","6.790","-0.29%"
"04/21/2016","6.810","6.810","6.810","6.810","0.29%"
"04/20/2016","6.790","6.800","6.800","6.790","0.15%"
"04/18/2016","6.780","6.780","6.780","6.780","-0.29%"
"04/13/2016","6.800","6.780","6.800","6.780","0.74%"
"04/12/2016","6.750","6.780","6.780","6.750","-0.74%"
"04/11/2016","6.800","6.810","6.810","6.800","-0.44%"
"04/07/2016","6.830","6.860","6.860","6.830","-0.15%"
"04/06/2016","6.840","6.810","6.840","6.810","1.18%"
"04/05/2016","6.760","6.750","6.760","6.750","-1.31%"
"04/04/2016","6.850","6.840","6.850","6.840","-3.25%"
"03/31/2016","7.080","7.100","7.100","7.080","-1.94%"
"03/30/2016","7.220","7.220","7.220","7.220","-0.41%"
"03/29/2016","7.250","7.260","7.260","7.250","0.00%"
"03/28/2016","7.250","7.190","7.250","7.190","0.55%"
"03/23/2016","7.210","7.190","7.210","7.190","0.14%"
"03/22/2016","7.200","7.200","7.200","7.200","-0.55%"
"03/21/2016","7.240","7.220","7.240","7.220","0.28%"
"03/19/2016","7.220","7.220","7.220","7.220","0.00%"
"03/18/2016","7.220","7.230","7.230","7.220","0.00%"
"03/17/2016","7.220","7.240","7.240","7.220","0.14%"
"03/16/2016","7.210","7.220","7.220","7.210","0.00%"
"03/15/2016","7.210","7.220","7.220","7.210","-0.28%"
"03/14/2016","7.230","7.240","7.240","7.230","-0.14%"
"03/12/2016","7.240","7.240","7.240","7.240","0.00%"
"03/11/2016","7.240","7.240","7.240","7.240","0.00%"
"03/10/2016","7.240","7.240","7.240","7.240","0.14%"
"03/09/2016","7.230","7.250","7.250","7.230","0.00%"
"03/08/2016","7.230","7.200","7.230","7.200","0.28%"
"03/04/2016","7.210","7.180","7.210","7.180","0.56%"
"03/03/2016","7.170","7.210","7.210","7.170","-0.28%"
"03/02/2016","7.190","7.290","7.290","7.190","-0.83%"
"03/01/2016","7.250","7.260","7.260","7.250","-0.28%"
"02/29/2016","7.270","7.280","7.280","7.270","-0.55%"
"02/27/2016","7.310","7.310","7.310","7.310","0.00%"
"02/26/2016","7.310","7.270","7.310","7.270","0.00%"
"02/25/2016","7.310","7.320","7.320","7.310","0.00%"
"02/24/2016","7.310","7.330","7.330","7.310","-0.41%"
"02/23/2016","7.340","7.320","7.340","7.320","0.41%"
"02/22/2016","7.310","7.320","7.320","7.310","-0.14%"
"02/18/2016","7.320","7.340","7.340","7.320","0.14%"
"02/17/2016","7.310","7.330","7.330","7.310","-0.14%"
"02/16/2016","7.320","7.310","7.320","7.310","-0.27%"
"02/15/2016","7.340","7.300","7.340","7.300","0.41%"
"02/14/2016","7.310","7.310","7.310","7.310","0.00%"
"02/12/2016","7.310","7.320","7.320","7.310","-0.27%"
"02/11/2016","7.330","7.350","7.350","7.330","-0.27%"
"02/10/2016","7.350","7.350","7.350","7.350","0.27%"
"02/09/2016","7.330","7.300","7.330","7.300","0.27%"
"02/08/2016","7.310","7.320","7.320","7.310","-0.14%"
"02/05/2016","7.320","7.320","7.320","7.320","-0.27%"
"02/04/2016","7.340","7.340","7.340","7.340","0.27%"
"02/03/2016","7.320","7.300","7.320","7.300","0.69%"
"02/02/2016","7.270","7.290","7.290","7.270","0.28%"
"02/01/2016","7.250","7.260","7.260","7.250","0.00%"
"01/29/2016","7.250","7.240","7.250","7.240","-0.14%"
"01/28/2016","7.260","7.260","7.260","7.260","0.00%"
"01/27/2016","7.260","7.350","7.350","7.260","0.00%"
"01/25/2016","7.260","7.270","7.270","7.260","0.14%"
"01/22/2016","7.250","7.300","7.300","7.250","-0.14%"
"01/21/2016","7.260","7.240","7.260","7.240","0.00%"
"01/20/2016","7.260","7.230","7.260","7.230","0.55%"
"01/19/2016","7.220","7.220","7.220","7.220","0.00%"
"01/18/2016","7.220","7.210","7.220","7.210","-0.41%"
"01/15/2016","7.250","7.210","7.250","7.210","0.14%"
"01/14/2016","7.240","7.210","7.240","7.210","0.42%"
"01/13/2016","7.210","7.230","7.230","7.210","-0.14%"
"01/12/2016","7.220","7.210","7.220","7.210","0.28%"
"01/11/2016","7.200","7.210","7.210","7.200","0.00%"
"01/10/2016","7.200","7.200","7.200","7.200","0.00%"
"01/08/2016","7.200","7.210","7.210","7.200","-0.28%"
"01/07/2016","7.220","7.220","7.220","7.220","2.12%"
"01/06/2016","7.070","7.100","7.100","7.070","-0.14%"
"01/05/2016","7.080","7.100","7.100","7.080","-1.53%"
"01/04/2016","7.190","7.160","7.190","7.160","0.70%"
"01/01/2016","7.140","7.150","7.150","7.140","-0.42%"
"12/31/2015","7.170","7.180","7.180","7.170","-0.69%"
"12/30/2015","7.220","7.210","7.220","7.210","0.28%"
"12/29/2015","7.200","7.200","7.200","7.200","0.00%"
"12/28/2015","7.200","7.200","7.200","7.200","-0.14%"
"12/26/2015","7.210","7.210","7.210","7.210","0.00%"
"12/23/2015","7.210","7.210","7.210","7.210","0.00%"
"12/22/2015","7.210","7.220","7.220","7.210","0.14%"
"12/21/2015","7.200","7.220","7.220","7.200","0.00%"
"12/19/2015","7.200","7.200","7.200","7.200","0.00%"
"12/18/2015","7.200","7.200","7.200","7.200","0.00%"
"12/17/2015","7.200","7.210","7.210","7.200","-0.28%"
"12/16/2015","7.220","7.190","7.220","7.190","0.42%"
"12/15/2015","7.190","7.190","7.190","7.190","0.14%"
"12/14/2015","7.180","7.180","7.180","7.180","0.14%"
"12/12/2015","7.170","7.170","7.170","7.170","0.00%"
"12/11/2015","7.170","7.180","7.180","7.170","0.00%"
"12/10/2015","7.170","7.180","7.180","7.170","-0.14%"
"12/09/2015","7.180","7.170","7.180","7.170","0.00%"
"12/08/2015","7.180","7.180","7.180","7.180","0.00%"
"12/07/2015","7.180","7.150","7.180","7.150","0.42%"
"12/05/2015","7.150","7.150","7.150","7.150","0.00%"
"12/04/2015","7.150","7.160","7.160","7.150","0.00%"
"12/03/2015","7.150","7.140","7.150","7.140","-0.14%"
"12/02/2015","7.160","7.150","7.160","7.150","0.28%"
"12/01/2015","7.140","7.150","7.150","7.140","0.00%"
"11/30/2015","7.140","7.140","7.140","7.140","-0.14%"
"11/27/2015","7.150","7.150","7.150","7.150","0.14%"
"11/26/2015","7.140","7.140","7.140","7.140","0.00%"
"11/24/2015","7.140","7.140","7.140","7.140","-0.14%"
"11/23/2015","7.150","7.150","7.150","7.150","0.14%"
"11/22/2015","7.140","7.140","7.140","7.140","0.00%"
"11/21/2015","7.140","7.140","7.140","7.140","0.00%"
"11/20/2015","7.140","7.140","7.140","7.140","0.00%"
"11/19/2015","7.140","7.140","7.140","7.140","0.00%"
"11/18/2015","7.140","7.140","7.140","7.140","0.00%"
"11/17/2015","7.140","7.140","7.140","7.140","-0.28%"
"11/16/2015","7.160","7.160","7.160","7.160","0.56%"
"11/13/2015","7.120","7.120","7.120","7.120","-0.42%"
"11/10/2015","7.150","7.150","7.150","7.150","0.42%"
"11/09/2015","7.120","7.120","7.120","7.120","0.42%"
"11/06/2015","7.090","7.090","7.090","7.090","-0.28%"
"11/05/2015","7.110","7.110","7.110","7.110","0.14%"
"11/04/2015","7.100","7.100","7.100","7.100","0.00%"
"11/03/2015","7.100","7.100","7.100","7.100","-0.28%"
"11/02/2015","7.120","7.120","7.120","7.120","0.14%"
"10/30/2015","7.110","7.110","7.110","7.110","-0.14%"
"10/29/2015","7.120","7.120","7.120","7.120","0.14%"
"10/28/2015","7.110","7.110","7.110","7.110","-0.56%"
"10/27/2015","7.150","7.150","7.150","7.150","0.56%"
"10/26/2015","7.110","7.110","7.110","7.110","0.14%"
"10/23/2015","7.100","7.100","7.100","7.100","0.57%"
"10/21/2015","7.060","7.060","7.060","7.060","0.00%"
"10/20/2015","7.060","7.060","7.060","7.060","0.14%"
"10/19/2015","7.050","7.050","7.050","7.050","-0.14%"
"10/18/2015","7.060","7.060","7.060","7.060","0.00%"
"10/17/2015","7.060","7.060","7.060","7.060","0.00%"
"10/16/2015","7.060","7.060","7.060","7.060","0.00%"
"10/15/2015","7.060","7.060","7.060","7.060","0.14%"
"10/14/2015","7.050","7.050","7.050","7.050","0.00%"
"10/13/2015","7.050","7.050","7.050","7.050","0.00%"
"10/12/2015","7.050","7.050","7.050","7.050","0.14%"
"10/09/2015","7.040","7.040","7.040","7.040","-0.14%"
"10/08/2015","7.050","7.050","7.050","7.050","1.00%"
"10/07/2015","6.980","6.980","6.980","6.980","-0.14%"
"10/06/2015","6.990","6.990","6.990","6.990","-0.57%"
"10/05/2015","7.030","7.030","7.030","7.030","0.14%"
"10/03/2015","7.020","7.020","7.020","7.020","0.00%"
"10/01/2015","7.020","7.020","7.020","7.020","-0.43%"
"09/30/2015","7.050","7.050","7.050","7.050","0.00%"
"09/29/2015","7.050","7.050","7.050","7.050","-5.37%"
"09/28/2015","7.450","7.450","7.450","7.450","0.68%"
"09/27/2015","7.400","7.400","7.400","7.400","0.00%"
"09/24/2015","7.400","7.400","7.400","7.400","-0.67%"
"09/23/2015","7.450","7.450","7.450","7.450","0.40%"
"09/22/2015","7.420","7.420","7.420","7.420","-0.40%"
"09/21/2015","7.450","7.450","7.450","7.450","-0.27%"
"09/18/2015","7.470","7.470","7.470","7.470","-0.13%"
"09/16/2015","7.480","7.480","7.480","7.480","0.54%"
"09/15/2015","7.440","7.440","7.440","7.440","-0.27%"
"09/14/2015","7.460","7.460","7.460","7.460","0.13%"
"09/11/2015","7.450","7.450","7.450","7.450","0.27%"
"09/10/2015","7.430","7.430","7.430","7.430","-0.13%"
"09/09/2015","7.440","7.440","7.440","7.440","0.27%"
"09/08/2015","7.420","7.420","7.420","7.420","0.00%"
"09/07/2015","7.420","7.420","7.420","7.420","0.27%"
"09/05/2015","7.400","7.400","7.400","7.400","0.00%"
"09/04/2015","7.400","7.400","7.400","7.400","0.00%"
"09/03/2015","7.400","7.400","7.400","7.400","-0.40%"
"09/02/2015","7.430","7.430","7.430","7.430","0.13%"
"09/01/2015","7.420","7.420","7.420","7.420","0.13%"
"08/31/2015","7.410","7.410","7.410","7.410","0.00%"
"08/29/2015","7.410","7.410","7.410","7.410","0.00%"
"08/28/2015","7.410","7.410","7.410","7.410","0.00%"
"08/27/2015","7.410","7.410","7.410","7.410","-0.40%"
"08/26/2015","7.440","7.440","7.440","7.440","0.27%"
"08/25/2015","7.420","7.420","7.420","7.420","-0.13%"
"08/24/2015","7.430","7.430","7.430","7.430","0.13%"
"08/21/2015","7.420","7.420","7.420","7.420","0.13%"
"08/20/2015","7.410","7.410","7.410","7.410","0.14%"
"08/19/2015","7.400","7.400","7.400","7.400","0.14%"
"08/17/2015","7.390","7.390","7.390","7.390","0.14%"
"08/15/2015","7.380","7.380","7.380","7.380","0.00%"
"08/14/2015","7.380","7.380","7.380","7.380","0.00%"
"08/13/2015","7.380","7.380","7.380","7.380","-0.14%"
"08/12/2015","7.390","7.390","7.390","7.390","0.00%"
"08/11/2015","7.390","7.390","7.390","7.390","0.14%"
"08/10/2015","7.380","7.380","7.380","7.380","-0.14%"
"08/07/2015","7.390","7.390","7.390","7.390","-0.14%"
"08/06/2015","7.400","7.400","7.400","7.400","-0.27%"
"08/05/2015","7.420","7.420","7.420","7.420","-0.13%"
"08/04/2015","7.430","7.430","7.430","7.430","0.13%"
"08/03/2015","7.420","7.420","7.420","7.420","-0.27%"
"08/01/2015","7.440","7.440","7.440","7.440","0.00%"
"07/31/2015","7.440","7.440","7.440","7.440","0.00%"
"07/30/2015","7.440","7.440","7.440","7.440","-0.13%"
"07/29/2015","7.450","7.450","7.450","7.450","0.27%"
"07/28/2015","7.430","7.430","7.430","7.430","-0.13%"
"07/27/2015","7.440","7.440","7.440","7.440","-0.40%"
"07/24/2015","7.470","7.470","7.470","7.470","0.13%"
"07/23/2015","7.460","7.460","7.460","7.460","-0.80%"
"07/22/2015","7.520","7.520","7.520","7.520","0.00%"
"07/21/2015","7.520","7.520","7.520","7.520","0.00%"
"07/20/2015","7.520","7.520","7.520","7.520","-0.13%"
"07/18/2015","7.530","7.530","7.530","7.530","0.00%"
"07/17/2015","7.530","7.530","7.530","7.530","0.13%"
"07/16/2015","7.520","7.520","7.520","7.520","0.00%"
"07/15/2015","7.520","7.520","7.520","7.520","-0.40%"
"07/14/2015","7.550","7.550","7.550","7.550","0.00%"
"07/13/2015","7.550","7.550","7.550","7.550","0.53%"
"07/10/2015","7.510","7.510","7.510","7.510","0.13%"
"07/09/2015","7.500","7.500","7.500","7.500","-0.53%"
"07/08/2015","7.540","7.540","7.540","7.540","0.94%"
"07/07/2015","7.470","7.470","7.470","7.470","0.27%"
"07/06/2015","7.450","7.450","7.450","7.450","-2.36%"
"07/03/2015","7.630","7.630","7.630","7.630","1.06%"
"07/02/2015","7.550","7.550","7.550","7.550","-0.53%"
"07/01/2015","7.590","7.590","7.590","7.590","-0.26%"
"06/30/2015","7.610","7.610","7.610","7.610","-0.91%"
"06/29/2015","7.680","7.680","7.680","7.680","0.00%"
"06/26/2015","7.680","7.680","7.680","7.680","-0.26%"
"06/25/2015","7.700","7.700","7.700","7.700","1.05%"
"06/24/2015","7.620","7.620","7.620","7.620","0.00%"
"06/23/2015","7.620","7.620","7.620","7.620","0.00%"
"06/22/2015","7.620","7.620","7.620","7.620","-1.30%"
"06/19/2015","7.720","7.720","7.720","7.720","1.05%"
"06/18/2015","7.640","7.640","7.640","7.640","-0.52%"
"06/17/2015","7.680","7.680","7.680","7.680","0.00%"
"06/16/2015","7.680","7.680","7.680","7.680","0.13%"
"06/15/2015","7.670","7.670","7.670","7.670","-0.78%"
"06/12/2015","7.730","7.730","7.730","7.730","0.39%"
"06/11/2015","7.700","7.700","7.700","7.700","-0.26%"
"06/10/2015","7.720","7.720","7.720","7.720","0.52%"
"06/09/2015","7.680","7.680","7.680","7.680","0.26%"
"06/08/2015","7.660","7.660","7.660","7.660","0.13%"
"06/07/2015","7.650","7.650","7.650","7.650","0.00%"
"06/06/2015","7.650","7.650","7.650","7.650","0.00%"
"06/05/2015","7.650","7.650","7.650","7.650","0.00%"
"06/04/2015","7.650","7.650","7.650","7.650","-0.26%"
"06/03/2015","7.670","7.670","7.670","7.670","-0.39%"
"06/02/2015","7.700","7.700","7.700","7.700","-1.28%"
"06/01/2015","7.800","7.800","7.800","7.800","-0.64%"
"05/30/2015","7.850","7.850","7.850","7.850","0.00%"
"05/29/2015","7.850","7.850","7.850","7.850","0.64%"
"05/28/2015","7.800","7.800","7.800","7.800","-0.64%"
"05/27/2015","7.850","7.850","7.850","7.850","0.38%"
"05/26/2015","7.820","7.820","7.820","7.820","0.13%"
"05/25/2015","7.810","7.810","7.810","7.810","-0.51%"
"05/22/2015","7.850","7.850","7.850","7.850","0.13%"
"05/21/2015","7.840","7.840","7.840","7.840","-0.76%"
"05/20/2015","7.900","7.900","7.900","7.900","-0.63%"
"05/19/2015","7.950","7.950","7.950","7.950","0.38%"
"05/18/2015","7.920","7.920","7.920","7.920","-0.38%"
"05/15/2015","7.950","7.950","7.950","7.950","-0.63%"
"05/14/2015","8.000","8.000","8.000","8.000","0.00%"
"05/13/2015","8.000","8.000","8.000","8.000","0.63%"
"05/12/2015","7.950","7.950","7.950","7.950","0.00%"
"05/11/2015","7.950","7.950","7.950","7.950","-0.50%"
"05/08/2015","7.990","7.990","7.990","7.990","0.38%"
"05/07/2015","7.960","7.960","7.960","7.960","-0.25%"
"05/06/2015","7.980","7.980","7.980","7.980","0.76%"
"05/05/2015","7.920","7.920","7.920","7.920","-0.38%"
"04/30/2015","7.950","7.950","7.950","7.950","0.13%"
"04/29/2015","7.940","7.940","7.940","7.940","0.13%"
"04/28/2015","7.930","7.930","7.930","7.930","0.38%"
"04/27/2015","7.900","7.900","7.900","7.900","-0.63%"
"04/24/2015","7.950","7.950","7.950","7.950","0.89%"
"04/23/2015","7.880","7.880","7.880","7.880","-0.25%"
"04/22/2015","7.900","7.900","7.900","7.900","0.25%"
"04/21/2015","7.880","7.880","7.880","7.880","0.00%"
"04/20/2015","7.880","7.880","7.880","7.880","0.00%"
"04/17/2015","7.880","7.880","7.880","7.880","0.38%"
"04/16/2015","7.850","7.850","7.850","7.850","0.00%"
"04/15/2015","7.850","7.850","7.850","7.850","0.00%"
"04/13/2015","7.850","7.850","7.850","7.850","-0.63%"
"04/10/2015","7.900","7.900","7.900","7.900","0.64%"
"04/09/2015","7.850","7.850","7.850","7.850","-0.13%"
"04/08/2015","7.860","7.860","7.860","7.860","-1.01%"
"04/07/2015","7.940","7.940","7.940","7.940","1.40%"
"04/06/2015","7.830","7.830","7.830","7.830","-0.63%"
"03/31/2015","7.880","7.880","7.880","7.880","-4.72%"
"03/30/2015","8.270","8.270","8.270","8.270","-0.36%"
"03/27/2015","8.300","8.300","8.300","8.300","0.12%"
"03/26/2015","8.290","8.290","8.290","8.290","0.00%"
"03/25/2015","8.290","8.290","8.290","8.290","-0.12%"
"03/24/2015","8.300","8.300","8.300","8.300","0.00%"
"03/23/2015","8.300","8.300","8.300","8.300","0.00%"
"03/20/2015","8.300","8.300","8.300","8.300","0.61%"
"03/19/2015","8.250","8.250","8.250","8.250","-0.72%"
"03/18/2015","8.310","8.310","8.310","8.310","-0.72%"
"03/17/2015","8.370","8.370","8.370","8.370","0.24%"
"03/16/2015","8.350","8.350","8.350","8.350","0.24%"
"03/13/2015","8.330","8.330","8.330","8.330","0.12%"
"03/12/2015","8.320","8.320","8.320","8.320","0.00%"
"03/11/2015","8.320","8.320","8.320","8.320","0.36%"
"03/10/2015","8.290","8.290","8.290","8.290","0.73%"
"03/09/2015","8.230","8.230","8.230","8.230","0.12%"
"03/05/2015","8.220","8.220","8.220","8.220","-0.48%"
"03/04/2015","8.260","8.260","8.260","8.260","-1.43%"
"03/03/2015","8.380","8.380","8.380","8.380","0.00%"
"03/02/2015","8.380","8.380","8.380","8.380","0.00%"
"02/27/2015","8.380","8.380","8.380","8.380","-0.24%"
"02/26/2015","8.400","8.400","8.400","8.400","0.24%"
"02/25/2015","8.380","8.380","8.380","8.380","-1.06%"
"02/24/2015","8.470","8.470","8.470","8.470","0.59%"
"02/23/2015","8.420","8.420","8.420","8.420","0.48%"
"02/20/2015","8.380","8.380","8.380","8.380","0.12%"
"02/19/2015","8.370","8.370","8.370","8.370","0.00%"
"02/18/2015","8.370","8.370","8.370","8.370","0.84%"
"02/16/2015","8.300","8.300","8.300","8.300","0.00%"
"02/13/2015","8.300","8.300","8.300","8.300","0.24%"
"02/12/2015","8.280","8.280","8.280","8.280","-0.24%"
"02/11/2015","8.300","8.300","8.300","8.300","0.48%"
"02/10/2015","8.260","8.260","8.260","8.260","0.24%"
"02/09/2015","8.240","8.240","8.240","8.240","-0.36%"
"02/06/2015","8.270","8.270","8.270","8.270","0.24%"
"02/05/2015","8.250","8.250","8.250","8.250","0.24%"
"02/04/2015","8.230","8.230","8.230","8.230","0.61%"
"02/03/2015","8.180","8.180","8.180","8.180","-0.85%"
"02/02/2015","8.250","8.250","8.250","8.250","0.86%"
"02/01/2015","8.180","8.180","8.180","8.180","0.00%"
"01/30/2015","8.180","8.180","8.180","8.180","-0.12%"
"01/29/2015","8.190","8.190","8.190","8.190","-0.24%"
"01/28/2015","8.210","8.210","8.210","8.210","0.74%"
"01/27/2015","8.150","8.150","8.150","8.150","-0.12%"
"01/23/2015","8.160","8.160","8.160","8.160","-0.24%"
"01/22/2015","8.180","8.180","8.180","8.180","-0.12%"
"01/21/2015","8.190","8.190","8.190","8.190","0.00%"
"01/20/2015","8.190","8.190","8.190","8.190","0.49%"
"01/19/2015","8.150","8.150","8.150","8.150","0.37%"
"01/16/2015","8.120","8.120","8.120","8.120","-0.73%"
"01/15/2015","8.180","8.180","8.180","8.180","-2.39%"
"01/14/2015","8.380","8.380","8.380","8.380","0.48%"
"01/13/2015","8.340","8.340","8.340","8.340","0.00%"
"01/12/2015","8.340","8.340","8.340","8.340","-0.60%"
"01/09/2015","8.390","8.390","8.390","8.390","0.48%"
"01/08/2015","8.350","8.350","8.350","8.350","0.12%"
"01/07/2015","8.340","8.340","8.340","8.340","-0.60%"
"01/06/2015","8.390","8.390","8.390","8.390","1.33%"
"01/05/2015","8.280","8.280","8.280","8.280","-0.24%"
"01/02/2015","8.300","8.300","8.300","8.300","0.00%"
"01/01/2015","8.300","8.300","8.300","8.300","-0.36%"